cybervoid,4e4ce83b-f24f-3493-a429-eac2ff1874b8
kai,a3ed28af-f8c4-3716-8747-f0cacbac5ba1
pandaturtle,09c0d10c-a7c1-345a-b22e-0eee99c6d844
riverdalecoder,928194f9-3530-3667-896c-ca5c8457728a
null,85daf09e-5a63-350d-a576-6c42419be127
viggeagl235,9eacd42c-0bc6-3293-b0a7-fef434e1cf9d
idoattack,26d2547d-4d0a-3259-8c50-c3fa11a7bab7
eaglyeer634,9e66326e-bc69-3803-b6fc-09360a7f3df3
herobrine,25966168-dc9c-360c-8f32-ed022bfa1070
riverdalecod,33cf5196-eb77-380e-8d3e-1904d2ea853c
ben,e2d7ad0d-1e98-3cb0-a453-a103a2496232
